{
  "train_loss": [
    1.1920091720188366,
    0.47639497238046985,
    0.24930740892887115,
    0.15083248160925566,
    0.08676828349045679,
    0.06501286447632547,
    0.043230054060033725,
    0.031017733098683404,
    0.026282154544092277,
    0.019945053401969226,
    0.020707780221367583,
    0.0152410939974966,
    0.014688255037089773,
    0.0134647481700442,
    0.012685936601722942,
    0.008657637558987035,
    0.007921472903998458,
    0.00700054622675274,
    0.01006190883744435,
    0.006482029146533094,
    0.007068385764974735,
    0.006132448039601977,
    0.006286085359569566,
    0.005272592267240672,
    0.0064572716866820755,
    0.0052889784177144366,
    0.006136194795972723,
    0.005377141410694914,
    0.0046370907106856795,
    0.0028430306062777982,
    0.004754620110022598,
    0.0046664544714468655,
    0.0032924210513467153,
    0.004320768082477883,
    0.0024835487448738192,
    0.0037884274554694547,
    0.004998511684985429,
    0.002668489910908701,
    0.003814026594673302,
    0.004006942873364132,
    0.003278205862871426,
    0.003863254175110556,
    0.0023929076839932333,
    0.002338510880922424,
    0.004378402571413009,
    0.002727457120165448,
    0.0021127664738599503,
    0.0019150175178176997,
    0.0015930611087812804,
    0.00851933099386538,
    0.003057934010547458,
    0.0035835362145649817,
    0.0023073800896550073,
    0.0015617428226487747,
    0.0018706355893336162,
    0.0024894174632351554,
    0.0016106018567156484,
    0.0013702890342649292,
    0.0019944295165580973,
    0.0013019406013008133,
    0.001405673187714545,
    0.00122390449841452,
    0.0015244589149541058,
    0.0016678981802554108,
    0.0020013163459724655,
    0.0015210288861542758,
    0.0011207570339548494,
    0.0011197400642285014,
    0.0011133669830479787,
    0.0009597525909068246,
    0.0013551592290990382,
    0.0010563648470184382,
    0.001954188979831159,
    0.00093455750217853,
    0.001952883510396122,
    0.0013074517793903201,
    0.0012756221147034975,
    0.0009900606936414488,
    0.0012885329388333119,
    0.0018597956491159457
  ],
  "val_loss": [
    0.7442450981873733,
    0.590240322626554,
    0.5296906049434955,
    0.5248209879948542,
    0.5148270909602826,
    0.5241054617441617,
    0.5142567707942083,
    0.533463484965838,
    0.5170028370160323,
    0.5263225940557626,
    0.5325334645234622,
    0.5412747917266992,
    0.5330406564932603,
    0.5398676441265986,
    0.534907422386683,
    0.5496341907061063,
    0.5286115064070775,
    0.5412738093963037,
    0.5411615876051096,
    0.5540446318112887,
    0.543353910629566,
    0.5593211215275985,
    0.561567450945194,
    0.5626601977990224,
    0.5710010677576065,
    0.573190627189783,
    0.5891141410057361,
    0.5624446387474353,
    0.5686462372541428,
    0.5553180735844833,
    0.5677285309021289,
    0.5665419010015634,
    0.5619487693676581,
    0.5797968667287093,
    0.5730374042804425,
    0.5768947394994589,
    0.5764174507214472,
    0.5746411704100095,
    0.6058218249907861,
    0.5908703276744256,
    0.5943046017335012,
    0.5776162525782218,
    0.5877970319527847,
    0.5843705523472565,
    0.5885503911055051,
    0.5773250368925241,
    0.5792290556889313,
    0.59186624449033,
    0.5844618941728885,
    0.6024288420493786,
    0.6076692663706266,
    0.6016249908850744,
    0.605959993142348,
    0.6050030474479382,
    0.6005190427486713,
    0.5938813915619483,
    0.5971354452463297,
    0.594100310252263,
    0.5982986986637115,
    0.6018516329618601,
    0.6017802426448235,
    0.5851022945000575,
    0.6098879186006693,
    0.6270573024566357,
    0.5912620860796708,
    0.6001673272022834,
    0.6043804471309369,
    0.6003570487866035,
    0.6021628265197461,
    0.6163191153452947,
    0.603919253899501,
    0.6143175615714147,
    0.6020274529090295,
    0.6018687028151292,
    0.6083079622342036,
    0.6279465074722583,
    0.6470738660830718,
    0.6104576083330008,
    0.6152719855308533,
    0.6061188876628876
  ],
  "train_acc": [
    0.5396039603960396,
    0.8589108910891089,
    0.9405940594059405,
    0.9727722772277227,
    0.9913366336633663,
    0.9931930693069307,
    0.9987623762376238,
    0.9993811881188119,
    0.9993811881188119,
    0.9993811881188119,
    0.9993811881188119,
    1.0,
    0.9993811881188119,
    1.0,
    0.9993811881188119,
    1.0,
    1.0,
    1.0,
    1.0,
    1.0,
    1.0,
    1.0,
    1.0,
    1.0,
    1.0,
    1.0,
    1.0,
    1.0,
    0.9993811881188119,
    1.0,
    0.9993811881188119,
    1.0,
    1.0,
    1.0,
    1.0,
    1.0,
    1.0,
    1.0,
    0.9993811881188119,
    1.0,
    1.0,
    1.0,
    1.0,
    1.0,
    0.9993811881188119,
    1.0,
    1.0,
    1.0,
    1.0,
    0.9975247524752475,
    1.0,
    1.0,
    1.0,
    1.0,
    1.0,
    1.0,
    1.0,
    1.0,
    1.0,
    1.0,
    1.0,
    1.0,
    1.0,
    1.0,
    1.0,
    1.0,
    1.0,
    1.0,
    1.0,
    1.0,
    1.0,
    1.0,
    1.0,
    1.0,
    1.0,
    1.0,
    1.0,
    1.0,
    1.0,
    1.0
  ],
  "val_acc": [
    0.7555555562914154,
    0.7876543214291702,
    0.819753086861269,
    0.8246913583190353,
    0.837037037478553,
    0.837037037478553,
    0.8419753090834912,
    0.839506173428194,
    0.8493827166380705,
    0.8518518522933677,
    0.8493827164908986,
    0.8419753092306631,
    0.8419753092306631,
    0.8444444448859604,
    0.837037037478553,
    0.8296296300711455,
    0.8395061732810221,
    0.8345679016760837,
    0.8493827164908986,
    0.8469135806884295,
    0.8543209880958369,
    0.8444444448859604,
    0.8320987658736146,
    0.8419753090834912,
    0.837037037478553,
    0.8444444448859604,
    0.8518518522933677,
    0.8592592595536032,
    0.8543209880958369,
    0.8493827164908986,
    0.8518518522933677,
    0.8493827164908986,
    0.8493827164908986,
    0.8444444448859604,
    0.8493827164908986,
    0.8493827164908986,
    0.8444444448859604,
    0.8518518522933677,
    0.8469135808356014,
    0.8493827164908986,
    0.8419753092306631,
    0.8469135806884295,
    0.8493827164908986,
    0.8518518522933677,
    0.8469135806884295,
    0.854320987948665,
    0.856790123898306,
    0.8493827164908986,
    0.8543209882430088,
    0.8493827164908986,
    0.839506173428194,
    0.8345679018232558,
    0.8444444448859604,
    0.839506173428194,
    0.8370370376257249,
    0.8444444450331323,
    0.8370370376257249,
    0.8444444447387883,
    0.8518518521461957,
    0.8370370376257249,
    0.8567901237511341,
    0.8444444448859604,
    0.839506173428194,
    0.8493827166380705,
    0.8469135806884295,
    0.8469135808356014,
    0.8493827164908986,
    0.8469135806884295,
    0.8518518522933677,
    0.8469135808356014,
    0.8370370376257249,
    0.8469135808356014,
    0.854320987948665,
    0.8469135806884295,
    0.8518518521461957,
    0.8469135805412575,
    0.8493827163437266,
    0.8419753090834912,
    0.8493827163437266,
    0.854320987948665
  ],
  "test_acc": 0.883399209486166
}