{
  "train_loss": [
    0.41748256747629126,
    0.2755252637115179,
    0.23100391015702604,
    0.20743816594282785,
    0.1703484891822525,
    0.17216658446134306,
    0.16065670009337218,
    0.15497653515023344,
    0.17256097440772197,
    0.15091244869080245,
    0.1162389068699935,
    0.1250379049383542,
    0.12092691802364938,
    0.13458429671385708,
    0.11434008177442878,
    0.10024416340770674,
    0.08445126585224096,
    0.09015962395670951,
    0.07792650080998154,
    0.08551640649709631,
    0.06970030887454164,
    0.07654003900311449,
    0.0965991588857244,
    0.07537877899320687,
    0.08396929396572066,
    0.09771221152999822,
    0.06430691192109211,
    0.06369726155318466,
    0.06228258731026275,
    0.0665022195225545,
    0.07956970928638589,
    0.07310213302901271,
    0.0668723564594984,
    0.0852245194107002,
    0.07746541914621405,
    0.057028559474822355,
    0.06249032781331563,
    0.06442962246307847,
    0.0707810751125947,
    0.0659016968006743,
    0.051251089611255074,
    0.06519974393806621,
    0.06636962290013246,
    0.05975952189342648,
    0.060288353092676286,
    0.05161674004778558,
    0.06945239313348543,
    0.06458120071785707,
    0.04856082699352912,
    0.05410826642650599,
    0.055596175238344016,
    0.0681940814041916,
    0.05553878241163843,
    0.05522699504360264,
    0.046757237392240296,
    0.07011119331068852,
    0.05381515919796977,
    0.062123707940747196,
    0.05717251550260128,
    0.061074348559201345,
    0.052717397482517886,
    0.06731503346350555,
    0.05738492433310432,
    0.0606481497376865,
    0.07301898062338724,
    0.04869504657336602,
    0.056437035237311146,
    0.05520604945280973,
    0.04464815504958525,
    0.07779206342849077,
    0.07170738991094279,
    0.05643600121359615,
    0.07385832854026161,
    0.0689481030601789,
    0.05691353725634661,
    0.06040881675047179,
    0.06344614082983896,
    0.08978220415027703,
    0.06091222721243314,
    0.06993656583568629
  ],
  "val_loss": [
    0.2694682157956637,
    0.191342616883608,
    0.17889347242621276,
    0.16087387043696183,
    0.14212982299236152,
    0.16082572077329343,
    0.1476833401964261,
    0.13033377601263615,
    0.11816760424811107,
    0.11716561965071239,
    0.12445745577749151,
    0.11144910108011502,
    0.1413890365511179,
    0.11525728016232069,
    0.11274190257804897,
    0.13920770241664007,
    0.1390669162098605,
    0.1366555206119441,
    0.13322170881124643,
    0.1252850922397696,
    0.12738969177007675,
    0.141311810280268,
    0.1289347605063365,
    0.12756329574264014,
    0.12716007744893432,
    0.12471228941845205,
    0.13268503514476693,
    0.1392642158226898,
    0.12808639993174717,
    0.14023037614802328,
    0.12778748385608196,
    0.1368691258204098,
    0.132178645581007,
    0.12797964392946318,
    0.13074121466622904,
    0.13228365685790777,
    0.131965925057347,
    0.134891380287277,
    0.13367816132421678,
    0.13206494638982874,
    0.134079169947654,
    0.1329783612432388,
    0.13158662921677416,
    0.1304407908867758,
    0.12699021287978843,
    0.12855154311714265,
    0.12764919416692394,
    0.1355902160374591,
    0.1319127665259517,
    0.12744864287714547,
    0.12685971348904646,
    0.12409461411432578,
    0.12328008325913778,
    0.12407045159488916,
    0.1307966162522252,
    0.1226995075121522,
    0.12876354709554177,
    0.13120788536392725,
    0.12475709126402552,
    0.12620380900513667,
    0.13131294653822595,
    0.13330721024137276,
    0.12578132651889554,
    0.135649565123738,
    0.13331188293747032,
    0.1318421749254832,
    0.12690463146338096,
    0.12849119742615864,
    0.12999528818405592,
    0.13006075233435974,
    0.13075265750432244,
    0.12567976425186947,
    0.13404977973550558,
    0.12949783304849496,
    0.12950679624023345,
    0.1242145595427316,
    0.12320240336255385,
    0.13573282219182986,
    0.1328188317398039,
    0.13182305741625336
  ],
  "train_acc": [
    0.8193069100379944,
    0.8818069100379944,
    0.906559407711029,
    0.9232673048973083,
    0.9251237511634827,
    0.9319307208061218,
    0.9319307208061218,
    0.9393564462661743,
    0.9313119053840637,
    0.9424505233764648,
    0.9535890817642212,
    0.9560643434524536,
    0.9498762488365173,
    0.9486386179924011,
    0.9554455280303955,
    0.9610148668289185,
    0.9709158539772034,
    0.9653465151786804,
    0.9783415794372559,
    0.9641088843345642,
    0.9746286869049072,
    0.9709158539772034,
    0.9610148668289185,
    0.9715346693992615,
    0.9678217768669128,
    0.9622524976730347,
    0.9820544719696045,
    0.978960394859314,
    0.9758663177490234,
    0.9771039485931396,
    0.968440592288971,
    0.9771039485931396,
    0.9771039485931396,
    0.969059407711029,
    0.9709158539772034,
    0.9808168411254883,
    0.9740098714828491,
    0.9740098714828491,
    0.9795792102813721,
    0.9746286869049072,
    0.9845296740531921,
    0.9740098714828491,
    0.9740098714828491,
    0.9777227640151978,
    0.9777227640151978,
    0.9832921028137207,
    0.969059407711029,
    0.9795792102813721,
    0.9826732873916626,
    0.9839109182357788,
    0.9808168411254883,
    0.9746286869049072,
    0.978960394859314,
    0.9783415794372559,
    0.978960394859314,
    0.9727723002433777,
    0.9851484894752502,
    0.9746286869049072,
    0.978960394859314,
    0.9801980257034302,
    0.9808168411254883,
    0.9764851331710815,
    0.9771039485931396,
    0.9783415794372559,
    0.9758663177490234,
    0.9814356565475464,
    0.978960394859314,
    0.9808168411254883,
    0.9888613820075989,
    0.968440592288971,
    0.9752475023269653,
    0.9826732873916626,
    0.9746286869049072,
    0.9764851331710815,
    0.9771039485931396,
    0.9758663177490234,
    0.9777227640151978,
    0.969059407711029,
    0.9783415794372559,
    0.9733911156654358
  ],
  "val_acc": [
    0.8938271403312683,
    0.9333333373069763,
    0.9333333373069763,
    0.9481481313705444,
    0.9456790089607239,
    0.9382715821266174,
    0.9407407641410828,
    0.9530864357948303,
    0.9654321074485779,
    0.9580246806144714,
    0.9580246806144714,
    0.9654321074485779,
    0.9580246806144714,
    0.9629629850387573,
    0.9679012298583984,
    0.9580246806144714,
    0.9580246806144714,
    0.9530864357948303,
    0.9580246806144714,
    0.960493803024292,
    0.9580246806144714,
    0.9555555582046509,
    0.9629629850387573,
    0.9629629850387573,
    0.9580246806144714,
    0.9555555582046509,
    0.9555555582046509,
    0.9580246806144714,
    0.9629629850387573,
    0.960493803024292,
    0.960493803024292,
    0.9629629850387573,
    0.9580246806144714,
    0.9580246806144714,
    0.960493803024292,
    0.9580246806144714,
    0.960493803024292,
    0.960493803024292,
    0.9629629850387573,
    0.9580246806144714,
    0.9580246806144714,
    0.9580246806144714,
    0.960493803024292,
    0.960493803024292,
    0.9629629850387573,
    0.9580246806144714,
    0.960493803024292,
    0.960493803024292,
    0.9580246806144714,
    0.9580246806144714,
    0.960493803024292,
    0.9629629850387573,
    0.960493803024292,
    0.960493803024292,
    0.960493803024292,
    0.9629629850387573,
    0.9555555582046509,
    0.9580246806144714,
    0.9629629850387573,
    0.960493803024292,
    0.9555555582046509,
    0.9580246806144714,
    0.9629629850387573,
    0.9580246806144714,
    0.9555555582046509,
    0.9580246806144714,
    0.960493803024292,
    0.9580246806144714,
    0.960493803024292,
    0.9580246806144714,
    0.9580246806144714,
    0.9555555582046509,
    0.960493803024292,
    0.960493803024292,
    0.9580246806144714,
    0.960493803024292,
    0.960493803024292,
    0.960493803024292,
    0.9580246806144714,
    0.9580246806144714
  ],
  "test_acc": 0.9565217391304348
}