{
  "train_loss": [
    0.5619873328536165,
    0.40700699301326976,
    0.3678784589557087,
    0.3885228508243374,
    0.3192416546391506,
    0.2935940677336618,
    0.27835635402623343,
    0.26660927136739093,
    0.24323908020468318,
    0.2513054265987639,
    0.2544549260945881,
    0.22790606276077383,
    0.2294103269483529,
    0.18915681073478624,
    0.20877516689692058,
    0.1709576298793157,
    0.16573453957543655,
    0.18590414275725684,
    0.1570529942126835,
    0.13167597251195534,
    0.14387035925014346,
    0.1545868975420793,
    0.13727219888538705,
    0.1356818728221982,
    0.1309934342827867,
    0.11368788377034898,
    0.11261475864140426,
    0.13992278723447932,
    0.11130246158470125,
    0.12749336104766995
  ],
  "val_loss": [
    0.43861027635060823,
    0.37419765958419215,
    0.3770405375040494,
    0.30302732380536884,
    0.2752222682421024,
    0.2759985694518456,
    0.2802690892265393,
    0.25538786959189635,
    0.25571428583218503,
    0.35771402888573134,
    0.2694516892616565,
    0.2531423775049356,
    0.22134244441986084,
    0.23487188652730906,
    0.24163594240179428,
    0.23131193593144417,
    0.24584623368886802,
    0.23200593860103533,
    0.26875468973930067,
    0.20271855091246274,
    0.2038372214883566,
    0.24109025786702448,
    0.21074608570108047,
    0.2138100002820675,
    0.2241538785971128,
    0.21324369168052307,
    0.20672892607175386,
    0.21061198356059882,
    0.20322979843387237,
    0.2064193690625521
  ],
  "train_acc": [
    0.7091584205627441,
    0.8106435537338257,
    0.8347772359848022,
    0.8112623691558838,
    0.8595296740531921,
    0.8725247383117676,
    0.8719059228897095,
    0.8793317079544067,
    0.8929455280303955,
    0.8985148668289185,
    0.8929455280303955,
    0.9071782231330872,
    0.9034653306007385,
    0.9152227640151978,
    0.9152227640151978,
    0.9282178282737732,
    0.9288366436958313,
    0.9214109182357788,
    0.9331682920455933,
    0.9455445408821106,
    0.9418317079544067,
    0.948019802570343,
    0.9449257254600525,
    0.9436880946159363,
    0.9418317079544067,
    0.9529703259468079,
    0.9529703259468079,
    0.9381188154220581,
    0.9548267126083374,
    0.9529703259468079
  ],
  "val_acc": [
    0.7925925850868225,
    0.8419753313064575,
    0.8370370268821716,
    0.8740741014480591,
    0.8864197731018066,
    0.8888888955116272,
    0.8765432238578796,
    0.8962963223457336,
    0.8913580179214478,
    0.8666666746139526,
    0.9061728119850159,
    0.9037036895751953,
    0.9185185432434082,
    0.9160493612289429,
    0.9185185432434082,
    0.9037036895751953,
    0.9234567880630493,
    0.9209876656532288,
    0.8962963223457336,
    0.9185185432434082,
    0.9234567880630493,
    0.8987654447555542,
    0.9234567880630493,
    0.9185185432434082,
    0.9086419939994812,
    0.9209876656532288,
    0.9185185432434082,
    0.9160493612289429,
    0.9283950328826904,
    0.9283950328826904
  ],
  "test_acc": 0.9426877470355731
}