{
  "train_loss": [
    1.7009408450594135,
    1.4888614532994289,
    1.3279076440661561,
    1.1894600368013568,
    1.099996379777497,
    1.0011909919626572,
    0.8903308364690519,
    0.8292199162875905,
    0.7477922381139269,
    0.6383840681291094,
    0.5583988959882774,
    0.46337421968871473,
    0.3987271283187118,
    0.32924021663619024,
    0.27994200937888203,
    0.1963051601367838,
    0.159240930249878,
    0.13319947848133012,
    0.11476829560363994,
    0.10889378840140268,
    0.07240273609903514,
    0.056857142396563407,
    0.04939113451423598,
    0.04882399014690343,
    0.04275624488717785,
    0.02808741562287597,
    0.034391706005907526,
    0.027706558697436955,
    0.019942119534985692,
    0.016086749632057605,
    0.017375067351203338,
    0.03188337050560935,
    0.040267050731927156,
    0.02906992152680223,
    0.030204492831127902,
    0.031802163313270786,
    0.025447311984630776,
    0.033233157655808566,
    0.014236877613025261,
    0.015198682800081431,
    0.013400513085299263,
    0.010246077550155129,
    0.008127907816065,
    0.012850784514026315,
    0.0084990172888901,
    0.012596745674005327,
    0.014476307585616322,
    0.011664958848782322,
    0.006824931033941752,
    0.006697726703029783
  ],
  "val_loss": [
    1.5448460578918457,
    1.340069211446322,
    1.2668876556249766,
    1.1545253625282874,
    1.1028893039776728,
    1.1288515375210688,
    1.0365123473680937,
    0.9029065278860239,
    0.964648173405574,
    0.9387251230386587,
    0.8433898962461032,
    0.8588631519904504,
    0.8870839201487027,
    0.9543596643667954,
    0.9381085817630475,
    0.9982627951181852,
    0.8387018854801471,
    0.8055426203287565,
    0.8751969475012559,
    0.86407948915775,
    0.8317408607556269,
    0.8147967870418842,
    0.8601865539183984,
    0.885718836234166,
    0.8399773790286138,
    0.9345268607139587,
    0.8941911917466384,
    0.8889789581298828,
    0.8656566234735342,
    0.8534346452126136,
    0.8681606879601111,
    1.0551173824530382,
    0.9612392920714158,
    0.9466576667932364,
    1.021861310188587,
    0.9351779635135944,
    1.1742878647950978,
    0.955323324753688,
    0.9881949929090647,
    0.9156167323772724,
    0.9382281165856582,
    0.9526008321688726,
    0.9717097099010761,
    0.9226518915249751,
    0.9522042320324824,
    0.9678331109193655,
    0.9686601070257334,
    0.9735662249418405,
    0.9300537842970628,
    0.942602969132937
  ],
  "train_acc": [
    0.2660891089108911,
    0.4158415841584158,
    0.4801980198019802,
    0.5594059405940595,
    0.6076732673267327,
    0.6441831683168316,
    0.6775990099009901,
    0.7048267326732673,
    0.7370049504950495,
    0.7852722772277227,
    0.8205445544554455,
    0.8521039603960396,
    0.8867574257425742,
    0.9090346534653465,
    0.9344059405940595,
    0.9560643564356436,
    0.9672029702970297,
    0.9777227722772277,
    0.9801980198019802,
    0.9789603960396039,
    0.9900990099009901,
    0.994430693069307,
    0.994430693069307,
    0.995049504950495,
    0.9907178217821783,
    0.9981435643564357,
    0.9969059405940595,
    0.9969059405940595,
    0.9993811881188119,
    1.0,
    0.9987623762376238,
    0.9938118811881188,
    0.995049504950495,
    0.9962871287128713,
    0.9956683168316832,
    0.9962871287128713,
    0.9975247524752475,
    0.9925742574257426,
    0.9987623762376238,
    0.9981435643564357,
    1.0,
    0.9993811881188119,
    0.9993811881188119,
    0.9993811881188119,
    1.0,
    0.9981435643564357,
    0.9981435643564357,
    0.9987623762376238,
    1.0,
    1.0
  ],
  "val_acc": [
    0.4172839508380419,
    0.4864197544109674,
    0.5209876543945736,
    0.5753086431526844,
    0.5555555567329312,
    0.5876543223122019,
    0.5975308652277346,
    0.6592592601422911,
    0.6197530873027849,
    0.676543210906747,
    0.7037037042923916,
    0.6913580255743897,
    0.6691358030578236,
    0.6641975316000573,
    0.6814814822173413,
    0.676543210612403,
    0.7234567908593166,
    0.7382716056741314,
    0.711111111699799,
    0.7333333339220212,
    0.7234567907121446,
    0.7358024698716623,
    0.7333333340691931,
    0.7160493833047372,
    0.7358024698716623,
    0.7061728402420326,
    0.7234567910064885,
    0.7283950621699109,
    0.7456790129343669,
    0.7333333340691931,
    0.7456790130815388,
    0.6987654328346252,
    0.7160493831575653,
    0.7234567905649727,
    0.693827160935343,
    0.7135802473550962,
    0.6543209886845247,
    0.7185185192543784,
    0.7037037044395635,
    0.7160493833047372,
    0.748148148736836,
    0.7432098772790697,
    0.7259259265146137,
    0.7358024698716623,
    0.7530864203417743,
    0.7185185189600344,
    0.7283950626114268,
    0.7234567908593166,
    0.7333333339220212,
    0.7209876552040194
  ],
  "test_acc": 0.7845849802371542
}