{
  "train_loss": [
    0.4312770010209551,
    0.27130596485792424,
    0.23282228118064358,
    0.1893955640056554,
    0.19319306233642147,
    0.162364899381703,
    0.13688452881486976,
    0.14767444648725145,
    0.1427616011351347,
    0.14732384995794764,
    0.12173818979485362,
    0.11743225307002955,
    0.11756582196582765,
    0.12202103428688704,
    0.09354266495096918,
    0.09324493076579243,
    0.09479204251193533,
    0.08967923880646042,
    0.07328410831955719,
    0.08902890887111425,
    0.07925622667386836,
    0.06218290161889266,
    0.0864179720736894,
    0.09117944559593703,
    0.06880534128925088,
    0.08493081920360233,
    0.06575573506016358,
    0.06144903980962494,
    0.06657106305162112,
    0.06740740948703651,
    0.07966384637699116,
    0.07531277725801748,
    0.06953458487987518,
    0.06493771523602453,
    0.05843160069529332,
    0.06130877485973578,
    0.05498700139715391,
    0.05329188896233544,
    0.06292406250448788,
    0.06127366452368305,
    0.06612969609890498,
    0.07289662370093021,
    0.05148553821787823,
    0.0664335812953319,
    0.043413793512930475,
    0.06108537868724442,
    0.048002798886348806,
    0.055588040318267015,
    0.046373123001745516,
    0.05720425759643024,
    0.07343825292499627,
    0.048833982498549366,
    0.04921765495822126,
    0.06089788051687327,
    0.04805525553449258,
    0.05412844447053823,
    0.047412990309371086,
    0.04657077975114625,
    0.04981055270478714,
    0.06666166648067826,
    0.0575098927023218,
    0.057050846270559466,
    0.05530567233468972,
    0.04249092230719386,
    0.051840761585124566,
    0.056417832561932946,
    0.05235759219994732,
    0.05202683337562371,
    0.06244127732683338,
    0.045180989484138345,
    0.04090774973726594,
    0.052496966458491834,
    0.052123218856971056,
    0.056697343914386106,
    0.04953625107951024,
    0.04768344653341189,
    0.03773515381138114,
    0.044370144244977365,
    0.03889341463389642,
    0.05049541892995145
  ],
  "val_loss": [
    0.28561118703622085,
    0.17969653411553457,
    0.1865089744902574,
    0.15896432646192038,
    0.13787846367519635,
    0.13821678250454938,
    0.1339693396137311,
    0.1384541763422581,
    0.1331325714261486,
    0.11361203751025292,
    0.15003763884305954,
    0.11314401324265279,
    0.12467072094575717,
    0.10622230831247109,
    0.1358903440145346,
    0.12268006149679422,
    0.10904101683543278,
    0.10358418585159458,
    0.12730076267885473,
    0.112432778490564,
    0.13651654389328682,
    0.11924535720250927,
    0.11963685154198454,
    0.10924652104194348,
    0.10680941467245038,
    0.11195541771415335,
    0.11998027505782935,
    0.09840330778836058,
    0.10502345272554801,
    0.11633769422769547,
    0.10644646493109086,
    0.10164397301223989,
    0.11042817266514668,
    0.09880849376070099,
    0.09517113948599078,
    0.10425202960435015,
    0.0994761825288431,
    0.0973087684609569,
    0.10210191925915961,
    0.09957581303583887,
    0.09956238639111128,
    0.10030913025212403,
    0.09707209179536082,
    0.09756388465085855,
    0.09677064275512329,
    0.09535144824677935,
    0.09561587468935893,
    0.09274882096080826,
    0.09832597301843074,
    0.09641272692869489,
    0.09524785725471492,
    0.09947249440189737,
    0.09805847727693617,
    0.09836205551758982,
    0.1011198262970608,
    0.09758587794091839,
    0.10228548001927826,
    0.09739749133586884,
    0.09910547765544973,
    0.1001203791775669,
    0.09809614909597887,
    0.10127734387508379,
    0.10014129111256737,
    0.09672206040256871,
    0.09725116544331495,
    0.09862662674500965,
    0.09900545427360787,
    0.09763161861337721,
    0.09883082708200583,
    0.09780996185369216,
    0.09951891617562908,
    0.09635294798331764,
    0.098394969281239,
    0.09978774718295497,
    0.09476030277661406,
    0.09943800813590105,
    0.0940628839083589,
    0.0990467040727918,
    0.0955290648047454,
    0.10060508516975321
  ],
  "train_acc": [
    0.801980197429657,
    0.8923267126083374,
    0.9084158539772034,
    0.9263613820075989,
    0.9238861203193665,
    0.9306930899620056,
    0.9474009871482849,
    0.9443069100379944,
    0.9350247383117676,
    0.9412128925323486,
    0.9498762488365173,
    0.9560643434524536,
    0.9548267126083374,
    0.9517326951026917,
    0.9634901285171509,
    0.9672029614448547,
    0.9622524976730347,
    0.9647276997566223,
    0.9696782231330872,
    0.9628713130950928,
    0.9709158539772034,
    0.9758663177490234,
    0.9659653306007385,
    0.9610148668289185,
    0.9740098714828491,
    0.969059407711029,
    0.9709158539772034,
    0.9783415794372559,
    0.9764851331710815,
    0.9783415794372559,
    0.9709158539772034,
    0.9727723002433777,
    0.9758663177490234,
    0.9740098714828491,
    0.9758663177490234,
    0.9771039485931396,
    0.9758663177490234,
    0.9820544719696045,
    0.9752475023269653,
    0.978960394859314,
    0.9752475023269653,
    0.9721534848213196,
    0.9808168411254883,
    0.9771039485931396,
    0.9851484894752502,
    0.9771039485931396,
    0.9832921028137207,
    0.9777227640151978,
    0.9851484894752502,
    0.9814356565475464,
    0.9721534848213196,
    0.9808168411254883,
    0.9801980257034302,
    0.978960394859314,
    0.9851484894752502,
    0.9814356565475464,
    0.9839109182357788,
    0.9839109182357788,
    0.9826732873916626,
    0.9801980257034302,
    0.9801980257034302,
    0.9801980257034302,
    0.9771039485931396,
    0.9851484894752502,
    0.9801980257034302,
    0.9783415794372559,
    0.9795792102813721,
    0.9795792102813721,
    0.9777227640151978,
    0.9839109182357788,
    0.9863861203193665,
    0.9795792102813721,
    0.9808168411254883,
    0.9826732873916626,
    0.9814356565475464,
    0.9808168411254883,
    0.9907178282737732,
    0.9845296740531921,
    0.9888613820075989,
    0.9839109182357788
  ],
  "val_acc": [
    0.8790123462677002,
    0.9308642148971558,
    0.9358024597167969,
    0.9456790089607239,
    0.9530864357948303,
    0.9530864357948303,
    0.9530864357948303,
    0.9530864357948303,
    0.9555555582046509,
    0.9629629850387573,
    0.9530864357948303,
    0.9629629850387573,
    0.9580246806144714,
    0.9654321074485779,
    0.9506173133850098,
    0.9506173133850098,
    0.9654321074485779,
    0.9679012298583984,
    0.9654321074485779,
    0.9580246806144714,
    0.9555555582046509,
    0.9555555582046509,
    0.9654321074485779,
    0.9654321074485779,
    0.9654321074485779,
    0.9654321074485779,
    0.9629629850387573,
    0.9679012298583984,
    0.9654321074485779,
    0.9629629850387573,
    0.970370352268219,
    0.9753086566925049,
    0.9654321074485779,
    0.9753086566925049,
    0.970370352268219,
    0.9679012298583984,
    0.9654321074485779,
    0.9679012298583984,
    0.9679012298583984,
    0.9679012298583984,
    0.9728395342826843,
    0.9753086566925049,
    0.9679012298583984,
    0.9728395342826843,
    0.9728395342826843,
    0.9753086566925049,
    0.9753086566925049,
    0.9753086566925049,
    0.9753086566925049,
    0.9753086566925049,
    0.9728395342826843,
    0.9728395342826843,
    0.9679012298583984,
    0.9753086566925049,
    0.9753086566925049,
    0.9753086566925049,
    0.9654321074485779,
    0.9728395342826843,
    0.9654321074485779,
    0.9728395342826843,
    0.9728395342826843,
    0.9654321074485779,
    0.9654321074485779,
    0.9728395342826843,
    0.9679012298583984,
    0.9728395342826843,
    0.9728395342826843,
    0.9753086566925049,
    0.9728395342826843,
    0.9728395342826843,
    0.9629629850387573,
    0.970370352268219,
    0.9728395342826843,
    0.9654321074485779,
    0.9728395342826843,
    0.960493803024292,
    0.9753086566925049,
    0.9654321074485779,
    0.9728395342826843,
    0.9654321074485779
  ],
  "test_acc": 0.9664031620553359
}