{
  "train_loss": [
    1.4110850925539054,
    0.9180486529481178,
    0.7529225489672493,
    0.6404255500026778,
    0.5876690634325439,
    0.5492489811252145,
    0.48179810216613844,
    0.47287587850701573,
    0.44699586898672816,
    0.38128411302379533,
    0.3705300758866703,
    0.34739501686657176,
    0.3603483806638157,
    0.3420039776201342,
    0.3314034871610941,
    0.3206590814333336,
    0.29566531138969404,
    0.28362732292974696,
    0.25648467724814134,
    0.26191508623899196,
    0.24297646893297925,
    0.2406268851721988,
    0.2475814459954991,
    0.2292641534232626,
    0.24233225966785468,
    0.21087407254997423,
    0.19731773483548679,
    0.19488010372893483,
    0.17875008642965673,
    0.157806921823352,
    0.17961528276403746,
    0.1715870236649233,
    0.16300062769476106,
    0.1811562395271133,
    0.17330476480956172,
    0.18085024907600647,
    0.18256922869705686,
    0.18555180465473847,
    0.1690449663529209,
    0.16513721747141258,
    0.13562098313488213,
    0.15275050137265056,
    0.13633061978308594,
    0.16338578757702135,
    0.1447841282568726,
    0.13998635734121004,
    0.15371733246480718,
    0.16025505662329642,
    0.15741019827478073,
    0.1618245562501982,
    0.1607756881298972,
    0.15375629929350873,
    0.14531720601314424,
    0.17152037113612773,
    0.1423035752594325,
    0.13817559478475766,
    0.15256529798110327,
    0.14230775489818817,
    0.14189654022601306,
    0.15977385851974582,
    0.15755837801478656,
    0.13700498620449914,
    0.1515759318957434,
    0.16169653617429966,
    0.15429396408737875,
    0.12644023386140665,
    0.12154456618808064,
    0.15649647844553577,
    0.14576026722423585,
    0.14232682414791165,
    0.1403626228372256,
    0.13710831540326276,
    0.14888612984442243,
    0.1399313166153197,
    0.12473905459046364,
    0.12505728400805416,
    0.16194431936624004,
    0.141675669919042,
    0.13677282868793197,
    0.15247872267283646
  ],
  "val_loss": [
    0.9376776906160208,
    0.7133211355942947,
    0.604618774010585,
    0.5617482226628524,
    0.4897865526951276,
    0.47010099314726317,
    0.48421821571313417,
    0.4694877564907074,
    0.4383380539142169,
    0.4304150618039645,
    0.4186261875125078,
    0.3807848279292767,
    0.3990120589733124,
    0.38835862278938293,
    0.3498989916764773,
    0.3857323470023962,
    0.3557091962832671,
    0.3561310481566649,
    0.3622176693036006,
    0.3169609783933713,
    0.3591229153367189,
    0.39038717116300875,
    0.3999684430085696,
    0.3810160022515517,
    0.37165126548363614,
    0.39528304223830885,
    0.3389121087697836,
    0.34741907165600705,
    0.3551697782599009,
    0.3529321880867848,
    0.3442378485432038,
    0.3536155814161667,
    0.3542139951426249,
    0.3513937901992064,
    0.33153361082077026,
    0.3488988641362924,
    0.3375538679269644,
    0.3491200887813018,
    0.32942339749290395,
    0.31849488100180257,
    0.3288907285493154,
    0.31924870724861437,
    0.31650569289922714,
    0.3292755645055037,
    0.3314487613164462,
    0.3305389628960536,
    0.31730269755308443,
    0.3195577493080726,
    0.33870896983605164,
    0.33171527775434345,
    0.3372470111801074,
    0.3353339542563145,
    0.3190772361480273,
    0.32871939327854377,
    0.3233730864639466,
    0.3313969293465981,
    0.32977986565003026,
    0.3348644817104706,
    0.328073166597348,
    0.33775881362649113,
    0.3383373480576735,
    0.32516966559565985,
    0.3408097535944902,
    0.328365691865866,
    0.3243453660263465,
    0.3278555153654172,
    0.3236336223781109,
    0.3309684776915954,
    0.3279654079904923,
    0.3185382347840529,
    0.32085282642107743,
    0.33136821910738945,
    0.31855559234435743,
    0.32707732486037105,
    0.32793614755456263,
    0.33730048829546344,
    0.3347312971376456,
    0.3286852097282043,
    0.32509193282860976,
    0.3247013252515059
  ],
  "train_acc": [
    0.4356435537338257,
    0.6806930899620056,
    0.7332921028137207,
    0.7654703259468079,
    0.7871286869049072,
    0.7945544719696045,
    0.833539605140686,
    0.8292078971862793,
    0.8366336822509766,
    0.8762376308441162,
    0.8774752616882324,
    0.8805692791938782,
    0.8787128925323486,
    0.8762376308441162,
    0.8873762488365173,
    0.8923267126083374,
    0.8985148668289185,
    0.9047029614448547,
    0.9084158539772034,
    0.906559407711029,
    0.9133663177490234,
    0.9115098714828491,
    0.9127475023269653,
    0.9170792102813721,
    0.9214109182357788,
    0.9245049357414246,
    0.9306930899620056,
    0.9350247383117676,
    0.9387376308441162,
    0.9467821717262268,
    0.9313119053840637,
    0.9430692791938782,
    0.9455445408821106,
    0.9362623691558838,
    0.9418317079544067,
    0.9412128925323486,
    0.9449257254600525,
    0.9337871074676514,
    0.9430692791938782,
    0.9405940771102905,
    0.9560643434524536,
    0.9467821717262268,
    0.9548267126083374,
    0.9461633563041687,
    0.9511138796806335,
    0.9573019742965698,
    0.9511138796806335,
    0.9486386179924011,
    0.9492574334144592,
    0.9418317079544067,
    0.9517326951026917,
    0.9492574334144592,
    0.9504950642585754,
    0.9387376308441162,
    0.9498762488365173,
    0.9529703259468079,
    0.9467821717262268,
    0.9542078971862793,
    0.9523515105247498,
    0.9436880946159363,
    0.948019802570343,
    0.9579207897186279,
    0.9511138796806335,
    0.9443069100379944,
    0.948019802570343,
    0.9591584205627441,
    0.9591584205627441,
    0.9504950642585754,
    0.9523515105247498,
    0.9529703259468079,
    0.9486386179924011,
    0.9573019742965698,
    0.9511138796806335,
    0.9504950642585754,
    0.9628713130950928,
    0.9647276997566223,
    0.9443069100379944,
    0.9504950642585754,
    0.9560643434524536,
    0.9498762488365173
  ],
  "val_acc": [
    0.654321014881134,
    0.7629629373550415,
    0.7728394865989685,
    0.8024691343307495,
    0.8148148059844971,
    0.8320987820625305,
    0.8419753313064575,
    0.8469135761260986,
    0.8740741014480591,
    0.8419753313064575,
    0.8666666746139526,
    0.8864197731018066,
    0.8691357970237732,
    0.8814814686775208,
    0.8913580179214478,
    0.8740741014480591,
    0.8790123462677002,
    0.8691357970237732,
    0.8864197731018066,
    0.9086419939994812,
    0.8691357970237732,
    0.8962963223457336,
    0.8962963223457336,
    0.8839505910873413,
    0.8814814686775208,
    0.8666666746139526,
    0.9037036895751953,
    0.8962963223457336,
    0.8888888955116272,
    0.8962963223457336,
    0.8864197731018066,
    0.8962963223457336,
    0.8864197731018066,
    0.8962963223457336,
    0.8962963223457336,
    0.9086419939994812,
    0.8938271403312683,
    0.8938271403312683,
    0.9037036895751953,
    0.9111111164093018,
    0.9086419939994812,
    0.8987654447555542,
    0.9037036895751953,
    0.8913580179214478,
    0.8938271403312683,
    0.9037036895751953,
    0.9037036895751953,
    0.9061728119850159,
    0.8938271403312683,
    0.8987654447555542,
    0.9086419939994812,
    0.9135802388191223,
    0.9037036895751953,
    0.8987654447555542,
    0.9061728119850159,
    0.9012345671653748,
    0.9061728119850159,
    0.8962963223457336,
    0.9012345671653748,
    0.9012345671653748,
    0.9037036895751953,
    0.9135802388191223,
    0.9012345671653748,
    0.9012345671653748,
    0.9061728119850159,
    0.9037036895751953,
    0.9061728119850159,
    0.9012345671653748,
    0.8987654447555542,
    0.9061728119850159,
    0.9111111164093018,
    0.9012345671653748,
    0.9111111164093018,
    0.8987654447555542,
    0.9012345671653748,
    0.8987654447555542,
    0.9012345671653748,
    0.8987654447555542,
    0.9037036895751953,
    0.9061728119850159
  ],
  "test_acc": 0.8952569169960475
}